<?xml version="1.0" encoding="UTF-8"?>
<metadata xml:lang="en"><Esri><CreaDate>20190227</CreaDate><CreaTime>14064300</CreaTime><ArcGISFormat>1.0</ArcGISFormat><ArcGISstyle>ISO 19139 Metadata Implementation Specification GML3.2</ArcGISstyle><SyncOnce>FALSE</SyncOnce><DataProperties><itemProps><itemName Sync="TRUE">e911_AllStructures_20180712</itemName><imsContentType Sync="TRUE">002</imsContentType><itemLocation><linkage Sync="TRUE">file://\\PORKBELLY\E\D_CERI\CERI_Data_SouthCoast.gdb</linkage><protocol Sync="TRUE">Local Area Network</protocol></itemLocation></itemProps><coordRef><type Sync="TRUE">Projected</type><geogcsn Sync="TRUE">GCS_North_American_1983</geogcsn><csUnits Sync="TRUE">Linear Unit: Foot_US (0.304801)</csUnits><projcsn Sync="TRUE">NAD_1983_StatePlane_Rhode_Island_FIPS_3800_Feet</projcsn><peXml Sync="TRUE">&lt;ProjectedCoordinateSystem xsi:type='typens:ProjectedCoordinateSystem' xmlns:xsi='http://www.w3.org/2001/XMLSchema-instance' xmlns:xs='http://www.w3.org/2001/XMLSchema' xmlns:typens='http://www.esri.com/schemas/ArcGIS/10.6'&gt;&lt;WKT&gt;PROJCS[&amp;quot;NAD_1983_StatePlane_Rhode_Island_FIPS_3800_Feet&amp;quot;,GEOGCS[&amp;quot;GCS_North_American_1983&amp;quot;,DATUM[&amp;quot;D_North_American_1983&amp;quot;,SPHEROID[&amp;quot;GRS_1980&amp;quot;,6378137.0,298.257222101]],PRIMEM[&amp;quot;Greenwich&amp;quot;,0.0],UNIT[&amp;quot;Degree&amp;quot;,0.0174532925199433]],PROJECTION[&amp;quot;Transverse_Mercator&amp;quot;],PARAMETER[&amp;quot;False_Easting&amp;quot;,328083.3333333333],PARAMETER[&amp;quot;False_Northing&amp;quot;,0.0],PARAMETER[&amp;quot;Central_Meridian&amp;quot;,-71.5],PARAMETER[&amp;quot;Scale_Factor&amp;quot;,0.99999375],PARAMETER[&amp;quot;Latitude_Of_Origin&amp;quot;,41.08333333333334],UNIT[&amp;quot;Foot_US&amp;quot;,0.3048006096012192],AUTHORITY[&amp;quot;EPSG&amp;quot;,3438]]&lt;/WKT&gt;&lt;XOrigin&gt;-18120300&lt;/XOrigin&gt;&lt;YOrigin&gt;-47742100&lt;/YOrigin&gt;&lt;XYScale&gt;3048.0060960121918&lt;/XYScale&gt;&lt;ZOrigin&gt;-100000&lt;/ZOrigin&gt;&lt;ZScale&gt;10000&lt;/ZScale&gt;&lt;MOrigin&gt;-100000&lt;/MOrigin&gt;&lt;MScale&gt;10000&lt;/MScale&gt;&lt;XYTolerance&gt;0.0032808333333333331&lt;/XYTolerance&gt;&lt;ZTolerance&gt;0.001&lt;/ZTolerance&gt;&lt;MTolerance&gt;0.001&lt;/MTolerance&gt;&lt;HighPrecision&gt;true&lt;/HighPrecision&gt;&lt;WKID&gt;102730&lt;/WKID&gt;&lt;LatestWKID&gt;3438&lt;/LatestWKID&gt;&lt;/ProjectedCoordinateSystem&gt;</peXml></coordRef><lineage><Process ToolSource="c:\program files (x86)\arcgis\desktop10.6\ArcToolbox\Toolboxes\Conversion Tools.tbx\FeatureClassToFeatureClass" Date="20190205" Time="083808">FeatureClassToFeatureClass E:\D_CERI\e911\e911Sites18r1\e911Sites18r1.shp E:\D_CERI\CERI_Data_SouthCoast.gdb e911_AllStructures_20180712 # "OBJECTID "OBJECTID" true true false 10 Long 0 10 ,First,#,E:\D_CERI\e911\e911Sites18r1\e911Sites18r1.shp,OBJECTID,-1,-1;UpdateDate "UpdateDate" true true false 8 Date 0 0 ,First,#,E:\D_CERI\e911\e911Sites18r1\e911Sites18r1.shp,UpdateDate,-1,-1;Comments "Comments" true true false 254 Text 0 0 ,First,#,E:\D_CERI\e911\e911Sites18r1\e911Sites18r1.shp,Comments,-1,-1;ESiteID "ESiteID" true true false 10 Long 0 10 ,First,#,E:\D_CERI\e911\e911Sites18r1\e911Sites18r1.shp,ESiteID,-1,-1;MCode "MCode" true true false 10 Long 0 10 ,First,#,E:\D_CERI\e911\e911Sites18r1\e911Sites18r1.shp,MCode,-1,-1;PSiteID "PSiteID" true true false 10 Long 0 10 ,First,#,E:\D_CERI\e911\e911Sites18r1\e911Sites18r1.shp,PSiteID,-1,-1;SiteType "SiteType" true true false 2 Text 0 0 ,First,#,E:\D_CERI\e911\e911Sites18r1\e911Sites18r1.shp,SiteType,-1,-1;LR "LR" true true false 1 Text 0 0 ,First,#,E:\D_CERI\e911\e911Sites18r1\e911Sites18r1.shp,LR,-1,-1;Zip "Zip" true true false 5 Text 0 0 ,First,#,E:\D_CERI\e911\e911Sites18r1\e911Sites18r1.shp,Zip,-1,-1;ESN "ESN" true true false 10 Long 0 10 ,First,#,E:\D_CERI\e911\e911Sites18r1\e911Sites18r1.shp,ESN,-1,-1;Measure "Measure" true true false 19 Double 0 0 ,First,#,E:\D_CERI\e911\e911Sites18r1\e911Sites18r1.shp,Measure,-1,-1;ParcelNum "ParcelNum" true true false 20 Text 0 0 ,First,#,E:\D_CERI\e911\e911Sites18r1\e911Sites18r1.shp,ParcelNum,-1,-1;ZN "ZN" true true false 50 Text 0 0 ,First,#,E:\D_CERI\e911\e911Sites18r1\e911Sites18r1.shp,ZN,-1,-1;HouseNumbe "HouseNumbe" true true false 15 Text 0 0 ,First,#,E:\D_CERI\e911\e911Sites18r1\e911Sites18r1.shp,HouseNumbe,-1,-1;PrimaryAdd "PrimaryAdd" true true false 100 Text 0 0 ,First,#,E:\D_CERI\e911\e911Sites18r1\e911Sites18r1.shp,PrimaryAdd,-1,-1;ALIAddress "ALIAddress" true true false 100 Text 0 0 ,First,#,E:\D_CERI\e911\e911Sites18r1\e911Sites18r1.shp,ALIAddress,-1,-1;PrimaryNam "PrimaryNam" true true false 100 Text 0 0 ,First,#,E:\D_CERI\e911\e911Sites18r1\e911Sites18r1.shp,PrimaryNam,-1,-1;ALIName "ALIName" true true false 100 Text 0 0 ,First,#,E:\D_CERI\e911\e911Sites18r1\e911Sites18r1.shp,ALIName,-1,-1;PD "PD" true true false 10 Text 0 0 ,First,#,E:\D_CERI\e911\e911Sites18r1\e911Sites18r1.shp,PD,-1,-1;PT "PT" true true false 10 Text 0 0 ,First,#,E:\D_CERI\e911\e911Sites18r1\e911Sites18r1.shp,PT,-1,-1;SN "SN" true true false 80 Text 0 0 ,First,#,E:\D_CERI\e911\e911Sites18r1\e911Sites18r1.shp,SN,-1,-1;ST "ST" true true false 10 Text 0 0 ,First,#,E:\D_CERI\e911\e911Sites18r1\e911Sites18r1.shp,ST,-1,-1;SD "SD" true true false 10 Text 0 0 ,First,#,E:\D_CERI\e911\e911Sites18r1\e911Sites18r1.shp,SD,-1,-1;Alias1 "Alias1" true true false 60 Text 0 0 ,First,#,E:\D_CERI\e911\e911Sites18r1\e911Sites18r1.shp,Alias1,-1,-1;Alias2 "Alias2" true true false 60 Text 0 0 ,First,#,E:\D_CERI\e911\e911Sites18r1\e911Sites18r1.shp,Alias2,-1,-1;Alias3 "Alias3" true true false 60 Text 0 0 ,First,#,E:\D_CERI\e911\e911Sites18r1\e911Sites18r1.shp,Alias3,-1,-1;Alias4 "Alias4" true true false 60 Text 0 0 ,First,#,E:\D_CERI\e911\e911Sites18r1\e911Sites18r1.shp,Alias4,-1,-1;Alias5 "Alias5" true true false 60 Text 0 0 ,First,#,E:\D_CERI\e911\e911Sites18r1\e911Sites18r1.shp,Alias5,-1,-1" #</Process><Process ToolSource="c:\program files (x86)\arcgis\desktop10.6\ArcToolbox\Toolboxes\3D Analyst Tools.tbx\AddSurfaceInformation" Date="20190207" Time="121429">AddSurfaceInformation e911_AllStructures_20180712 TopoBathy_State Z BILINEAR # 1 0 NO_FILTER</Process><Process ToolSource="c:\program files (x86)\arcgis\desktop10.6\ArcToolbox\Toolboxes\3D Analyst Tools.tbx\AddSurfaceInformation" Date="20190207" Time="122845">AddSurfaceInformation e911_AllStructures_SouthCoast TopoBathy_State Z BILINEAR # 1 0 NO_FILTER</Process></lineage></DataProperties><SyncDate>20190205</SyncDate><SyncTime>08372100</SyncTime><ModDate>20190205</ModDate><ModTime>08372100</ModTime></Esri><dataIdInfo><envirDesc Sync="TRUE">Microsoft Windows 7 Version 6.1 (Build 7601) Service Pack 1; Esri ArcGIS 10.6.1.9273</envirDesc><dataLang><languageCode value="eng" Sync="TRUE"></languageCode><countryCode value="USA" Sync="TRUE"></countryCode></dataLang><idCitation><resTitle Sync="TRUE">e911_AllStructures_20180712</resTitle><presForm><PresFormCd value="005" Sync="TRUE"></PresFormCd></presForm></idCitation><spatRpType><SpatRepTypCd value="001" Sync="TRUE"></SpatRepTypCd></spatRpType></dataIdInfo><mdLang><languageCode value="eng" Sync="TRUE"></languageCode><countryCode value="USA" Sync="TRUE"></countryCode></mdLang><distInfo><distFormat><formatName Sync="TRUE">File Geodatabase Feature Class</formatName></distFormat></distInfo><mdHrLv><ScopeCd value="005" Sync="TRUE"></ScopeCd></mdHrLv><mdHrLvName Sync="TRUE">dataset</mdHrLvName><refSysInfo><RefSystem><refSysID><identCode code="3438" Sync="TRUE"></identCode><idCodeSpace Sync="TRUE">EPSG</idCodeSpace><idVersion Sync="TRUE">6.12(9.3.0.0)</idVersion></refSysID></RefSystem></refSysInfo><spatRepInfo><VectSpatRep><geometObjs Name="e911_AllStructures_20180712"><geoObjTyp><GeoObjTypCd value="004" Sync="TRUE"></GeoObjTypCd></geoObjTyp><geoObjCnt Sync="TRUE">0</geoObjCnt></geometObjs><topLvl><TopoLevCd value="001" Sync="TRUE"></TopoLevCd></topLvl></VectSpatRep></spatRepInfo><spdoinfo><ptvctinf><esriterm Name="e911_AllStructures_20180712"><efeatyp Sync="TRUE">Simple</efeatyp><efeageom code="1" Sync="TRUE"></efeageom><esritopo Sync="TRUE">FALSE</esritopo><efeacnt Sync="TRUE">0</efeacnt><spindex Sync="TRUE">TRUE</spindex><linrefer Sync="TRUE">FALSE</linrefer></esriterm></ptvctinf></spdoinfo><eainfo><detailed Name="e911_AllStructures_20180712"><enttyp><enttypl Sync="TRUE">e911_AllStructures_20180712</enttypl><enttypt Sync="TRUE">Feature Class</enttypt><enttypc Sync="TRUE">0</enttypc></enttyp><attr><attrlabl Sync="TRUE">OBJECTID_1</attrlabl><attalias Sync="TRUE">OBJECTID_1</attalias><attrtype Sync="TRUE">OID</attrtype><attwidth Sync="TRUE">4</attwidth><atprecis Sync="TRUE">0</atprecis><attscale Sync="TRUE">0</attscale><attrdef Sync="TRUE">Internal feature number.</attrdef><attrdefs Sync="TRUE">Esri</attrdefs><attrdomv><udom Sync="TRUE">Sequential unique whole numbers that are automatically generated.</udom></attrdomv></attr><attr><attrlabl Sync="TRUE">Shape</attrlabl><attalias Sync="TRUE">Shape</attalias><attrtype Sync="TRUE">Geometry</attrtype><attwidth Sync="TRUE">0</attwidth><atprecis Sync="TRUE">0</atprecis><attscale Sync="TRUE">0</attscale><attrdef Sync="TRUE">Feature geometry.</attrdef><attrdefs Sync="TRUE">Esri</attrdefs><attrdomv><udom Sync="TRUE">Coordinates defining the features.</udom></attrdomv></attr><attr><attrlabl Sync="TRUE">OBJECTID</attrlabl><attalias Sync="TRUE">OBJECTID</attalias><attrtype Sync="TRUE">Integer</attrtype><attwidth Sync="TRUE">4</attwidth><atprecis Sync="TRUE">0</atprecis><attscale Sync="TRUE">0</attscale></attr><attr><attrlabl Sync="TRUE">UpdateDate</attrlabl><attalias Sync="TRUE">UpdateDate</attalias><attrtype Sync="TRUE">Date</attrtype><attwidth Sync="TRUE">8</attwidth><atprecis Sync="TRUE">0</atprecis><attscale Sync="TRUE">0</attscale></attr><attr><attrlabl Sync="TRUE">Comments</attrlabl><attalias Sync="TRUE">Comments</attalias><attrtype Sync="TRUE">String</attrtype><attwidth Sync="TRUE">254</attwidth><atprecis Sync="TRUE">0</atprecis><attscale Sync="TRUE">0</attscale></attr><attr><attrlabl Sync="TRUE">ESiteID</attrlabl><attalias Sync="TRUE">ESiteID</attalias><attrtype Sync="TRUE">Integer</attrtype><attwidth Sync="TRUE">4</attwidth><atprecis Sync="TRUE">0</atprecis><attscale Sync="TRUE">0</attscale></attr><attr><attrlabl Sync="TRUE">MCode</attrlabl><attalias Sync="TRUE">MCode</attalias><attrtype Sync="TRUE">Integer</attrtype><attwidth Sync="TRUE">4</attwidth><atprecis Sync="TRUE">0</atprecis><attscale Sync="TRUE">0</attscale></attr><attr><attrlabl Sync="TRUE">PSiteID</attrlabl><attalias Sync="TRUE">PSiteID</attalias><attrtype Sync="TRUE">Integer</attrtype><attwidth Sync="TRUE">4</attwidth><atprecis Sync="TRUE">0</atprecis><attscale Sync="TRUE">0</attscale></attr><attr><attrlabl Sync="TRUE">SiteType</attrlabl><attalias Sync="TRUE">SiteType</attalias><attrtype Sync="TRUE">String</attrtype><attwidth Sync="TRUE">2</attwidth><atprecis Sync="TRUE">0</atprecis><attscale Sync="TRUE">0</attscale></attr><attr><attrlabl Sync="TRUE">LR</attrlabl><attalias Sync="TRUE">LR</attalias><attrtype Sync="TRUE">String</attrtype><attwidth Sync="TRUE">1</attwidth><atprecis Sync="TRUE">0</atprecis><attscale Sync="TRUE">0</attscale></attr><attr><attrlabl Sync="TRUE">Zip</attrlabl><attalias Sync="TRUE">Zip</attalias><attrtype Sync="TRUE">String</attrtype><attwidth Sync="TRUE">5</attwidth><atprecis Sync="TRUE">0</atprecis><attscale Sync="TRUE">0</attscale></attr><attr><attrlabl Sync="TRUE">ESN</attrlabl><attalias Sync="TRUE">ESN</attalias><attrtype Sync="TRUE">Integer</attrtype><attwidth Sync="TRUE">4</attwidth><atprecis Sync="TRUE">0</atprecis><attscale Sync="TRUE">0</attscale></attr><attr><attrlabl Sync="TRUE">Measure</attrlabl><attalias Sync="TRUE">Measure</attalias><attrtype Sync="TRUE">Double</attrtype><attwidth Sync="TRUE">8</attwidth><atprecis Sync="TRUE">0</atprecis><attscale Sync="TRUE">0</attscale></attr><attr><attrlabl Sync="TRUE">ParcelNum</attrlabl><attalias Sync="TRUE">ParcelNum</attalias><attrtype Sync="TRUE">String</attrtype><attwidth Sync="TRUE">20</attwidth><atprecis Sync="TRUE">0</atprecis><attscale Sync="TRUE">0</attscale></attr><attr><attrlabl Sync="TRUE">ZN</attrlabl><attalias Sync="TRUE">ZN</attalias><attrtype Sync="TRUE">String</attrtype><attwidth Sync="TRUE">50</attwidth><atprecis Sync="TRUE">0</atprecis><attscale Sync="TRUE">0</attscale></attr><attr><attrlabl Sync="TRUE">HouseNumbe</attrlabl><attalias Sync="TRUE">HouseNumbe</attalias><attrtype Sync="TRUE">String</attrtype><attwidth Sync="TRUE">15</attwidth><atprecis Sync="TRUE">0</atprecis><attscale Sync="TRUE">0</attscale></attr><attr><attrlabl Sync="TRUE">PrimaryAdd</attrlabl><attalias Sync="TRUE">PrimaryAdd</attalias><attrtype Sync="TRUE">String</attrtype><attwidth Sync="TRUE">100</attwidth><atprecis Sync="TRUE">0</atprecis><attscale Sync="TRUE">0</attscale></attr><attr><attrlabl Sync="TRUE">ALIAddress</attrlabl><attalias Sync="TRUE">ALIAddress</attalias><attrtype Sync="TRUE">String</attrtype><attwidth Sync="TRUE">100</attwidth><atprecis Sync="TRUE">0</atprecis><attscale Sync="TRUE">0</attscale></attr><attr><attrlabl Sync="TRUE">PrimaryNam</attrlabl><attalias Sync="TRUE">PrimaryNam</attalias><attrtype Sync="TRUE">String</attrtype><attwidth Sync="TRUE">100</attwidth><atprecis Sync="TRUE">0</atprecis><attscale Sync="TRUE">0</attscale></attr><attr><attrlabl Sync="TRUE">ALIName</attrlabl><attalias Sync="TRUE">ALIName</attalias><attrtype Sync="TRUE">String</attrtype><attwidth Sync="TRUE">100</attwidth><atprecis Sync="TRUE">0</atprecis><attscale Sync="TRUE">0</attscale></attr><attr><attrlabl Sync="TRUE">PD</attrlabl><attalias Sync="TRUE">PD</attalias><attrtype Sync="TRUE">String</attrtype><attwidth Sync="TRUE">10</attwidth><atprecis Sync="TRUE">0</atprecis><attscale Sync="TRUE">0</attscale></attr><attr><attrlabl Sync="TRUE">PT</attrlabl><attalias Sync="TRUE">PT</attalias><attrtype Sync="TRUE">String</attrtype><attwidth Sync="TRUE">10</attwidth><atprecis Sync="TRUE">0</atprecis><attscale Sync="TRUE">0</attscale></attr><attr><attrlabl Sync="TRUE">SN</attrlabl><attalias Sync="TRUE">SN</attalias><attrtype Sync="TRUE">String</attrtype><attwidth Sync="TRUE">80</attwidth><atprecis Sync="TRUE">0</atprecis><attscale Sync="TRUE">0</attscale></attr><attr><attrlabl Sync="TRUE">ST</attrlabl><attalias Sync="TRUE">ST</attalias><attrtype Sync="TRUE">String</attrtype><attwidth Sync="TRUE">10</attwidth><atprecis Sync="TRUE">0</atprecis><attscale Sync="TRUE">0</attscale></attr><attr><attrlabl Sync="TRUE">SD</attrlabl><attalias Sync="TRUE">SD</attalias><attrtype Sync="TRUE">String</attrtype><attwidth Sync="TRUE">10</attwidth><atprecis Sync="TRUE">0</atprecis><attscale Sync="TRUE">0</attscale></attr><attr><attrlabl Sync="TRUE">Alias1</attrlabl><attalias Sync="TRUE">Alias1</attalias><attrtype Sync="TRUE">String</attrtype><attwidth Sync="TRUE">60</attwidth><atprecis Sync="TRUE">0</atprecis><attscale Sync="TRUE">0</attscale></attr><attr><attrlabl Sync="TRUE">Alias2</attrlabl><attalias Sync="TRUE">Alias2</attalias><attrtype Sync="TRUE">String</attrtype><attwidth Sync="TRUE">60</attwidth><atprecis Sync="TRUE">0</atprecis><attscale Sync="TRUE">0</attscale></attr><attr><attrlabl Sync="TRUE">Alias3</attrlabl><attalias Sync="TRUE">Alias3</attalias><attrtype Sync="TRUE">String</attrtype><attwidth Sync="TRUE">60</attwidth><atprecis Sync="TRUE">0</atprecis><attscale Sync="TRUE">0</attscale></attr><attr><attrlabl Sync="TRUE">Alias4</attrlabl><attalias Sync="TRUE">Alias4</attalias><attrtype Sync="TRUE">String</attrtype><attwidth Sync="TRUE">60</attwidth><atprecis Sync="TRUE">0</atprecis><attscale Sync="TRUE">0</attscale></attr><attr><attrlabl Sync="TRUE">Alias5</attrlabl><attalias Sync="TRUE">Alias5</attalias><attrtype Sync="TRUE">String</attrtype><attwidth Sync="TRUE">60</attwidth><atprecis Sync="TRUE">0</atprecis><attscale Sync="TRUE">0</attscale></attr></detailed></eainfo><mdDateSt Sync="TRUE">20190205</mdDateSt></metadata>
