<metadata xml:lang="en"><Esri><CreaDate>20160112</CreaDate><CreaTime>15173800</CreaTime><ArcGISFormat>1.0</ArcGISFormat><ArcGISstyle>ISO 19139 Metadata Implementation Specification</ArcGISstyle><SyncOnce>FALSE</SyncOnce><DataProperties><lineage><Process Name="Raster to Polygon" ToolSource="c:\program files (x86)\arcgis\desktop10.3\ArcToolbox\Toolboxes\Conversion Tools.tbx\RasterToPolygon" Date="20160112" Time="151738">RasterToPolygon E:\temp\AGS_Home\Scratch.gdb\ShrinkRaster E:\SLR_Scaled\ScaledSLR_NACCS_Polys_Final.gdb\MHHW_slr7 NO_SIMPLIFY Value</Process><Process Name="Add Field" ToolSource="c:\program files (x86)\arcgis\desktop10.3\ArcToolbox\Toolboxes\Data Management Tools.tbx\AddField" Date="20160112" Time="151739">AddField E:\SLR_Scaled\ScaledSLR_NACCS_Polys_Final.gdb\MHHW_slr7 Event TEXT # # 30 # NULLABLE NON_REQUIRED #</Process><Process Name="Calculate Field" ToolSource="c:\program files (x86)\arcgis\desktop10.3\ArcToolbox\Toolboxes\Data Management Tools.tbx\CalculateField" Date="20160112" Time="151740">CalculateField E:\SLR_Scaled\ScaledSLR_NACCS_Polys_Final.gdb\MHHW_slr7 Event "MHHW Plus 7" VB #</Process><Process Name="Add Field (2)" ToolSource="c:\program files (x86)\arcgis\desktop10.3\ArcToolbox\Toolboxes\Data Management Tools.tbx\AddField" Date="20160112" Time="151740">AddField E:\SLR_Scaled\ScaledSLR_NACCS_Polys_Final.gdb\MHHW_slr7 Class TEXT # # 30 # NULLABLE NON_REQUIRED #</Process><Process Name="Calculate Field (2)" ToolSource="c:\program files (x86)\arcgis\desktop10.3\ArcToolbox\Toolboxes\Data Management Tools.tbx\CalculateField" Date="20160112" Time="151742">CalculateField E:\SLR_Scaled\ScaledSLR_NACCS_Polys_Final.gdb\MHHW_slr7 Class "Inundated" VB #</Process><Process ToolSource="c:\program files (x86)\arcgis\desktop10.3\ArcToolbox\Toolboxes\Data Management Tools.tbx\Merge" Date="20160113" Time="071148">Merge E:\SLR_Scaled\ScaledSLR_NACCS_Polys_Final.gdb\InundateConnected_LandOnly_MHHW_slr7;E:\SLR_Scaled\ScaledSLR_NACCS_Polys_Final.gdb\Lowlying_MHHW_slr7 E:\SLR_Scaled\ScaledSLR_NACCS_Polys_Final.gdb\InundationPolys_MHHW_slr7 "Id "Id" true true false 4 Long 0 0 ,First,#,E:\SLR_Scaled\ScaledSLR_NACCS_Polys_Final.gdb\InundateConnected_LandOnly_MHHW_slr7,Id,-1,-1,E:\SLR_Scaled\ScaledSLR_NACCS_Polys_Final.gdb\Lowlying_MHHW_slr7,Id,-1,-1;gridcode "gridcode" true true false 4 Long 0 0 ,First,#,E:\SLR_Scaled\ScaledSLR_NACCS_Polys_Final.gdb\InundateConnected_LandOnly_MHHW_slr7,gridcode,-1,-1,E:\SLR_Scaled\ScaledSLR_NACCS_Polys_Final.gdb\Lowlying_MHHW_slr7,gridcode,-1,-1;Shape_Length "Shape_Length" false true true 8 Double 0 0 ,First,#,E:\SLR_Scaled\ScaledSLR_NACCS_Polys_Final.gdb\InundateConnected_LandOnly_MHHW_slr7,Shape_Length,-1,-1,E:\SLR_Scaled\ScaledSLR_NACCS_Polys_Final.gdb\Lowlying_MHHW_slr7,Shape_Length,-1,-1;Shape_Area "Shape_Area" false true true 8 Double 0 0 ,First,#,E:\SLR_Scaled\ScaledSLR_NACCS_Polys_Final.gdb\InundateConnected_LandOnly_MHHW_slr7,Shape_Area,-1,-1,E:\SLR_Scaled\ScaledSLR_NACCS_Polys_Final.gdb\Lowlying_MHHW_slr7,Shape_Area,-1,-1;Event "Event" true true false 30 Text 0 0 ,First,#,E:\SLR_Scaled\ScaledSLR_NACCS_Polys_Final.gdb\InundateConnected_LandOnly_MHHW_slr7,Event,-1,-1,E:\SLR_Scaled\ScaledSLR_NACCS_Polys_Final.gdb\Lowlying_MHHW_slr7,Event,-1,-1;Class "Class" true true false 30 Text 0 0 ,First,#,E:\SLR_Scaled\ScaledSLR_NACCS_Polys_Final.gdb\InundateConnected_LandOnly_MHHW_slr7,Class,-1,-1,E:\SLR_Scaled\ScaledSLR_NACCS_Polys_Final.gdb\Lowlying_MHHW_slr7,Class,-1,-1"</Process><Process ToolSource="c:\program files (x86)\arcgis\desktop10.3\ArcToolbox\Toolboxes\Data Management Tools.tbx\CopyFeatures" Date="20160113" Time="104705">CopyFeatures E:\SLR_Scaled\ScaledSLR_NACCS_Polys_Final.gdb\InundationPolys_MHHW_slr7 E:\SLR_Scaled\ScaledSLR_NACCS_Polys_Final\InundationPolys_MHHW_slr7.shp # 0 0 0</Process><Process ToolSource="c:\program files (x86)\arcgis\desktop10.5\ArcToolbox\Toolboxes\Analysis Tools.tbx\Clip" Date="20190422" Time="100233">Clip InundationPolys_MHHW_slr7 Charlestown E:\NRS522\Final\Data\Charlestown_SLR7ft.shp #</Process></lineage><itemProps><itemName Sync="TRUE">Charlestown_SLR7ft</itemName><imsContentType Sync="TRUE">002</imsContentType><itemLocation><linkage Sync="TRUE">file://\\LL4-07\E\NRS522\Final\Data\Charlestown_SLR7ft.shp</linkage><protocol Sync="TRUE">Local Area Network</protocol></itemLocation><itemSize Sync="TRUE">0.000</itemSize></itemProps><coordRef><type Sync="TRUE">Projected</type><geogcsn Sync="TRUE">GCS_North_American_1983</geogcsn><csUnits Sync="TRUE">Linear Unit: Foot_US (0.304801)</csUnits><projcsn Sync="TRUE">NAD_1983_StatePlane_Rhode_Island_FIPS_3800_Feet</projcsn><peXml Sync="TRUE">&lt;ProjectedCoordinateSystem xsi:type='typens:ProjectedCoordinateSystem' xmlns:xsi='http://www.w3.org/2001/XMLSchema-instance' xmlns:xs='http://www.w3.org/2001/XMLSchema' xmlns:typens='http://www.esri.com/schemas/ArcGIS/10.5'&gt;&lt;WKT&gt;PROJCS[&amp;quot;NAD_1983_StatePlane_Rhode_Island_FIPS_3800_Feet&amp;quot;,GEOGCS[&amp;quot;GCS_North_American_1983&amp;quot;,DATUM[&amp;quot;D_North_American_1983&amp;quot;,SPHEROID[&amp;quot;GRS_1980&amp;quot;,6378137.0,298.257222101]],PRIMEM[&amp;quot;Greenwich&amp;quot;,0.0],UNIT[&amp;quot;Degree&amp;quot;,0.0174532925199433]],PROJECTION[&amp;quot;Transverse_Mercator&amp;quot;],PARAMETER[&amp;quot;False_Easting&amp;quot;,328083.3333333333],PARAMETER[&amp;quot;False_Northing&amp;quot;,0.0],PARAMETER[&amp;quot;Central_Meridian&amp;quot;,-71.5],PARAMETER[&amp;quot;Scale_Factor&amp;quot;,0.99999375],PARAMETER[&amp;quot;Latitude_Of_Origin&amp;quot;,41.08333333333334],UNIT[&amp;quot;Foot_US&amp;quot;,0.3048006096012192],AUTHORITY[&amp;quot;EPSG&amp;quot;,3438]]&lt;/WKT&gt;&lt;XOrigin&gt;-18120300&lt;/XOrigin&gt;&lt;YOrigin&gt;-47742100&lt;/YOrigin&gt;&lt;XYScale&gt;137242312.64623272&lt;/XYScale&gt;&lt;ZOrigin&gt;-100000&lt;/ZOrigin&gt;&lt;ZScale&gt;10000&lt;/ZScale&gt;&lt;MOrigin&gt;-100000&lt;/MOrigin&gt;&lt;MScale&gt;10000&lt;/MScale&gt;&lt;XYTolerance&gt;0.0032808333333333331&lt;/XYTolerance&gt;&lt;ZTolerance&gt;0.001&lt;/ZTolerance&gt;&lt;MTolerance&gt;0.001&lt;/MTolerance&gt;&lt;HighPrecision&gt;true&lt;/HighPrecision&gt;&lt;WKID&gt;102730&lt;/WKID&gt;&lt;LatestWKID&gt;3438&lt;/LatestWKID&gt;&lt;/ProjectedCoordinateSystem&gt;</peXml></coordRef><copyHistory><copy source="E:\SLR_Scaled\ScaledSLR_NACCS_Polys_Final\InundationPolys_MHHW_slr7" dest="\\PORKBELLY\E\SLR_Scaled\ScaledSLR_NACCS_Polys_Final\SLR7\InundationPolys_MHHW_slr7" date="20160115" time="07350000"></copy></copyHistory></DataProperties><SyncDate>20190422</SyncDate><SyncTime>10022900</SyncTime><ModDate>20190422</ModDate><ModTime>10022900</ModTime></Esri><dataIdInfo><envirDesc Sync="TRUE"> Version 6.2 (Build 9200) ; Esri ArcGIS 10.5.0.6491</envirDesc><dataLang><languageCode value="eng" Sync="TRUE"></languageCode><countryCode value="USA" Sync="TRUE"></countryCode></dataLang><idCitation><resTitle Sync="TRUE">Charlestown_SLR7ft</resTitle><presForm><PresFormCd value="005" Sync="TRUE"></PresFormCd></presForm></idCitation><spatRpType><SpatRepTypCd value="001" Sync="TRUE"></SpatRepTypCd></spatRpType></dataIdInfo><mdLang><languageCode value="eng" Sync="TRUE"></languageCode><countryCode value="USA" Sync="TRUE"></countryCode></mdLang><distInfo><distFormat><formatName Sync="TRUE">Shapefile</formatName></distFormat><distTranOps><transSize Sync="TRUE">0.000</transSize></distTranOps></distInfo><mdHrLv><ScopeCd value="005" Sync="TRUE"></ScopeCd></mdHrLv><mdHrLvName Sync="TRUE">dataset</mdHrLvName><refSysInfo><RefSystem><refSysID><identCode code="3438" Sync="TRUE"></identCode><idCodeSpace Sync="TRUE">EPSG</idCodeSpace><idVersion Sync="TRUE">6.12(9.3.0.0)</idVersion></refSysID></RefSystem></refSysInfo><spatRepInfo><VectSpatRep><geometObjs Name="Charlestown_SLR7ft"><geoObjTyp><GeoObjTypCd value="002" Sync="TRUE"></GeoObjTypCd></geoObjTyp><geoObjCnt Sync="TRUE">0</geoObjCnt></geometObjs><topLvl><TopoLevCd value="001" Sync="TRUE"></TopoLevCd></topLvl></VectSpatRep></spatRepInfo><spdoinfo><ptvctinf><esriterm Name="Charlestown_SLR7ft"><efeatyp Sync="TRUE">Simple</efeatyp><efeageom code="4" Sync="TRUE"></efeageom><esritopo Sync="TRUE">FALSE</esritopo><efeacnt Sync="TRUE">0</efeacnt><spindex Sync="TRUE">FALSE</spindex><linrefer Sync="TRUE">FALSE</linrefer></esriterm></ptvctinf></spdoinfo><eainfo><detailed Name="Charlestown_SLR7ft"><enttyp><enttypl Sync="TRUE">Charlestown_SLR7ft</enttypl><enttypt Sync="TRUE">Feature Class</enttypt><enttypc Sync="TRUE">0</enttypc></enttyp><attr><attrlabl Sync="TRUE">FID</attrlabl><attalias Sync="TRUE">FID</attalias><attrtype Sync="TRUE">OID</attrtype><attwidth Sync="TRUE">4</attwidth><atprecis Sync="TRUE">0</atprecis><attscale Sync="TRUE">0</attscale><attrdef Sync="TRUE">Internal feature number.</attrdef><attrdefs Sync="TRUE">Esri</attrdefs><attrdomv><udom Sync="TRUE">Sequential unique whole numbers that are automatically generated.</udom></attrdomv></attr><attr><attrlabl Sync="TRUE">Shape</attrlabl><attalias Sync="TRUE">Shape</attalias><attrtype Sync="TRUE">Geometry</attrtype><attwidth Sync="TRUE">0</attwidth><atprecis Sync="TRUE">0</atprecis><attscale Sync="TRUE">0</attscale><attrdef Sync="TRUE">Feature geometry.</attrdef><attrdefs Sync="TRUE">Esri</attrdefs><attrdomv><udom Sync="TRUE">Coordinates defining the features.</udom></attrdomv></attr><attr><attrlabl Sync="TRUE">Id</attrlabl><attalias Sync="TRUE">Id</attalias><attrtype Sync="TRUE">Integer</attrtype><attwidth Sync="TRUE">10</attwidth><atprecis Sync="TRUE">10</atprecis><attscale Sync="TRUE">0</attscale></attr><attr><attrlabl Sync="TRUE">gridcode</attrlabl><attalias Sync="TRUE">gridcode</attalias><attrtype Sync="TRUE">Integer</attrtype><attwidth Sync="TRUE">10</attwidth><atprecis Sync="TRUE">10</atprecis><attscale Sync="TRUE">0</attscale></attr><attr><attrlabl Sync="TRUE">Event</attrlabl><attalias Sync="TRUE">Event</attalias><attrtype Sync="TRUE">String</attrtype><attwidth Sync="TRUE">30</attwidth><atprecis Sync="TRUE">0</atprecis><attscale Sync="TRUE">0</attscale></attr><attr><attrlabl Sync="TRUE">Class</attrlabl><attalias Sync="TRUE">Class</attalias><attrtype Sync="TRUE">String</attrtype><attwidth Sync="TRUE">30</attwidth><atprecis Sync="TRUE">0</atprecis><attscale Sync="TRUE">0</attscale></attr><attr><attrlabl Sync="TRUE">Shape_Leng</attrlabl><attalias Sync="TRUE">Shape_Leng</attalias><attrtype Sync="TRUE">Double</attrtype><attwidth Sync="TRUE">19</attwidth><atprecis Sync="TRUE">0</atprecis><attscale Sync="TRUE">0</attscale></attr><attr><attrlabl Sync="TRUE">Shape_Area</attrlabl><attalias Sync="TRUE">Shape_Area</attalias><attrtype Sync="TRUE">Double</attrtype><attwidth Sync="TRUE">19</attwidth><atprecis Sync="TRUE">0</atprecis><attscale Sync="TRUE">0</attscale><attrdef Sync="TRUE">Area of feature in internal units squared.</attrdef><attrdefs Sync="TRUE">Esri</attrdefs><attrdomv><udom Sync="TRUE">Positive real numbers that are automatically generated.</udom></attrdomv></attr></detailed></eainfo><mdDateSt Sync="TRUE">20190422</mdDateSt></metadata>
